<keymap version="1" name="macOS copy" parent="Mac OS X 10.5+">
  <action id="Arrangement.Alias.Rule.Add">
    <keyboard-shortcut first-keystroke="ctrl enter" />
  </action>
  <action id="Arrangement.Rule.Add">
    <keyboard-shortcut first-keystroke="ctrl enter" />
  </action>
  <action id="BookmarksView.Create">
    <keyboard-shortcut first-keystroke="ctrl enter" />
  </action>
  <action id="ChangesView.Move" />
  <action id="EditorDecreaseFontSize">
    <keyboard-shortcut first-keystroke="meta minus" />
  </action>
  <action id="EditorIncreaseFontSize">
    <keyboard-shortcut first-keystroke="meta equals" />
  </action>
  <action id="FileChooser.NewFolder" />
  <action id="Generate">
    <keyboard-shortcut first-keystroke="ctrl enter" />
  </action>
  <action id="Macro.add instance variable from selection">
    <mouse-shortcut keystroke="shift button2" />
  </action>
  <action id="MaximizeToolWindow" />
  <action id="Uml.NewElement">
    <keyboard-shortcut first-keystroke="ctrl enter" />
  </action>
  <action id="Vcs.MoveChangedLinesToChangelist" />
  <action id="org.jetbrains.plugins.ruby.rails.console.RunRailsConsoleAction">
    <keyboard-shortcut first-keystroke="shift ctrl meta r" />
  </action>
  <action id="osmedile.intellij.stringmanip.swap.SwapQuote">
    <keyboard-shortcut first-keystroke="shift meta quote" />
  </action>
</keymap>