<code_scheme name="Default" version="173">
  <option name="ENABLE_SECOND_REFORMAT" value="true" />
  <Ruby>
    <option name="CHAIN_CALLS_ALIGNMENT" value="0" />
    <option name="EMPTY_DECLARATIONS_STYLE" value="0" />
  </Ruby>
  <codeStyleSettings language="ruby">
    <option name="BLANK_LINES_AROUND_METHOD" value="0" />
    <option name="ALIGN_MULTILINE_PARAMETERS" value="false" />
    <indentOptions>
      <option name="USE_RELATIVE_INDENTS" value="false" />
    </indentOptions>
  </codeStyleSettings>
</code_scheme>