<application>
  <component name="FeatureSuggesterSettings">
    <option name="suggesters">
      <map>
        <entry key="Comment with line comment_" value="true" />
        <entry key="Completion with replace_" value="true" />
        <entry key="Completion_" value="true" />
        <entry key="Edit breakpoint_" value="true" />
        <entry key="File structure_" value="true" />
        <entry key="Introduce variable_" value="true" />
        <entry key="Mute breakpoints_" value="true" />
        <entry key="Paste from history_" value="true" />
        <entry key="Run to cursor_" value="true" />
        <entry key="Surround with_" value="true" />
        <entry key="Unwrap_" value="true" />
      </map>
    </option>
    <option name="suggestionLastShownTime">
      <map>
        <entry key="Edit breakpoint" value="1653515537045" />
        <entry key="Paste from history" value="1657578859039" />
      </map>
    </option>
    <option name="workingDays">
      <list>
        <option value="1654066960751" />
        <option value="1654153604265" />
        <option value="1654569390422" />
        <option value="1654623307394" />
        <option value="1654672962563" />
        <option value="1654798364934" />
        <option value="1655146380020" />
        <option value="1655232710545" />
        <option value="1655309703048" />
        <option value="1655396086249" />
        <option value="1655481414362" />
        <option value="1655711112292" />
        <option value="1655829407437" />
        <option value="1655910484557" />
        <option value="1655999178466" />
        <option value="1656093172062" />
        <option value="1656140410547" />
        <option value="1656347725278" />
        <option value="1656432862056" />
        <option value="1656519833947" />
        <option value="1656605734156" />
        <option value="1656693861931" />
        <option value="1656789715092" />
        <option value="1656868834336" />
        <option value="1657036230548" />
        <option value="1657090841100" />
        <option value="1657178299574" />
        <option value="1657294969426" />
        <option value="1657350000250" />
        <option value="1657559515301" />
      </list>
    </option>
  </component>
</application>