<application>
  <component name="ProjectJdkTable">
    <jdk version="2">
      <name value="ruby-2.6.8-p205" />
      <type value="RUBY_SDK" />
      <version value="ver.2.6.8p205 ( revision 67951) p205" />
      <homePath value="/usr/bin/ruby" />
      <roots>
        <classPath>
          <root type="composite">
            <root url="file:///Library/Ruby/Site/2.6.0" type="simple" />
            <root url="file:///Library/Ruby/Site/2.6.0/universal-darwin21" type="simple" />
            <root url="file:///Library/Ruby/Site" type="simple" />
            <root url="file:///System/Library/Frameworks/Ruby.framework/Versions/2.6/usr/lib/ruby/vendor_ruby/2.6.0" type="simple" />
            <root url="file:///System/Library/Frameworks/Ruby.framework/Versions/2.6/usr/lib/ruby/vendor_ruby/2.6.0/universal-darwin21" type="simple" />
            <root url="file:///System/Library/Frameworks/Ruby.framework/Versions/2.6/usr/lib/ruby/vendor_ruby" type="simple" />
            <root url="file:///System/Library/Frameworks/Ruby.framework/Versions/2.6/usr/lib/ruby/2.6.0" type="simple" />
            <root url="file:///System/Library/Frameworks/Ruby.framework/Versions/2.6/usr/lib/ruby/2.6.0/universal-darwin21" type="simple" />
            <root url="file://$APPLICATION_HOME_DIR$/plugins/ruby/rubystubs/rubystubs26" type="simple" />
          </root>
        </classPath>
        <sourcePath>
          <root type="composite">
            <root url="file:///Library/Ruby/Site/2.6.0" type="simple" />
            <root url="file:///Library/Ruby/Site/2.6.0/universal-darwin21" type="simple" />
            <root url="file:///Library/Ruby/Site" type="simple" />
            <root url="file:///System/Library/Frameworks/Ruby.framework/Versions/2.6/usr/lib/ruby/vendor_ruby/2.6.0" type="simple" />
            <root url="file:///System/Library/Frameworks/Ruby.framework/Versions/2.6/usr/lib/ruby/vendor_ruby/2.6.0/universal-darwin21" type="simple" />
            <root url="file:///System/Library/Frameworks/Ruby.framework/Versions/2.6/usr/lib/ruby/vendor_ruby" type="simple" />
            <root url="file:///System/Library/Frameworks/Ruby.framework/Versions/2.6/usr/lib/ruby/2.6.0" type="simple" />
            <root url="file:///System/Library/Frameworks/Ruby.framework/Versions/2.6/usr/lib/ruby/2.6.0/universal-darwin21" type="simple" />
            <root url="file://$APPLICATION_HOME_DIR$/plugins/ruby/rubystubs/rubystubs26" type="simple" />
          </root>
        </sourcePath>
      </roots>
      <additional NORMALIZED_VERSION_STRING="ver.2.6.8p205 ( revision 67951) p205" version="1" GEMS_BIN_DIR_PATH="/usr/local/bin">
        <VERSION_MANAGER ID="system">
          <custom-configurator>
            <list />
          </custom-configurator>
        </VERSION_MANAGER>
        <RbConfig>
          <item key="AR" value="libtool -static" />
          <item key="ARFLAGS" value="-no_warning_for_no_symbols -o " />
          <item key="AS" value="as" />
          <item key="ASMEXT" value="S" />
          <item key="BUILTIN_TRANSSRCS" value=" enc/trans/newline.c" />
          <item key="CC" value="xcrun clang" />
          <item key="CC_VERSION" value="xcrun clang --version" />
          <item key="CC_VERSION_MESSAGE" value="Apple clang version 13.0.0 (clang-1300.0.29.1) [+internal-os, ptrauth-isa=deployment-target-based]&#10;Target: x86_64-apple-darwin20.1.0&#10;Thread model: posix&#10;InstalledDir: /System/Volumes/Data/SWE/macOS/BuildRoots/b8ff8433dc/Applications/Xcode.app/Contents/Developer/Toolchains/OSX12.0.xctoolchain/usr/bin" />
          <item key="CFLAGS" value=" -g -Os -pipe -DHAVE_GCC_ATOMIC_BUILTINS -DUSE_FFI_CLOSURE_ALLOC" />
          <item key="CHDIR" value="cd -P" />
          <item key="CONFIGURE" value="configure" />
          <item key="COUTFLAG" value="-o " />
          <item key="CP" value="cp" />
          <item key="CPP" value="xcrun clang -E" />
          <item key="CPPFLAGS" value="-D_XOPEN_SOURCE -D_DARWIN_C_SOURCE -D_DARWIN_UNLIMITED_SELECT -D_REENTRANT  " />
          <item key="CPPOUTFILE" value="-o conftest.i" />
          <item key="CROSS_COMPILING" value="no" />
          <item key="CXX" value="xcrun clang++" />
          <item key="CXXFLAGS" value=" -g -Os -pipe " />
          <item key="DLDFLAGS" value="             -undefined dynamic_lookup -multiply_defined suppress" />
          <item key="DLDSHARED" value="xcrun clang -dynamiclib" />
          <item key="DLEXT" value="bundle" />
          <item key="DLNOBJ" value="dln.o" />
          <item key="ECHO_C" value="\\c" />
          <item key="EGREP" value="/usr/bin/grep -E" />
          <item key="ENABLE_SHARED" value="yes" />
          <item key="EXTOUT" value=".ext" />
          <item key="GIT" value="git" />
          <item key="GNU_LD" value="no" />
          <item key="GREP" value="/usr/bin/grep" />
          <item key="HAVE_GIT" value="yes" />
          <item key="INSTALL" value="/usr/bin/install -c" />
          <item key="INSTALL_DATA" value="/usr/bin/install -c -m 644" />
          <item key="INSTALL_PROGRAM" value="/usr/bin/install -c" />
          <item key="INSTALL_SCRIPT" value="/usr/bin/install -c" />
          <item key="INSTALL_STATIC_LIBRARY" value="no" />
          <item key="LD" value="ld" />
          <item key="LDFLAGS" value="-L. -L/System/Volumes/Data/SWE/macOS/BuildRoots/b8ff8433dc/Applications/Xcode.app/Contents/Developer/Platforms/MacOSX.platform/Developer/SDKs/MacOSX12.0.Internal.sdk/usr/local/lib" />
          <item key="LDSHARED" value="xcrun clang -dynamic -bundle" />
          <item key="LDSHAREDXX" value="xcrun clang++ -dynamic -bundle" />
          <item key="LIBEXT" value="a" />
          <item key="LIBPATHENV" value="DYLD_FALLBACK_LIBRARY_PATH" />
          <item key="LIBPATHFLAG" value=" -L%s" />
          <item key="LIBRUBY" value="libruby.2.6.dylib" />
          <item key="LIBRUBYARG" value="-lruby.2.6" />
          <item key="LIBRUBYARG_SHARED" value="-lruby.2.6" />
          <item key="LIBRUBYARG_STATIC" value="-lruby.2.6-static -framework Security -framework Foundation -lpthread -ldl -lobjc" />
          <item key="LIBRUBY_A" value="libruby.2.6-static.a" />
          <item key="LIBRUBY_ALIASES" value="libruby.dylib" />
          <item key="LIBRUBY_RELATIVE" value="no" />
          <item key="LIBRUBY_SO" value="libruby.2.6.dylib" />
          <item key="LIBRUBY_SONAME" value="libruby.2.6.dylib" />
          <item key="LINK_SO" value="&#10;dsymutil $@; { test -z '$(RUBY_CODESIGN)' || codesign -s '$(RUBY_CODESIGN)' -f $@; }" />
          <item key="LN_S" value="ln -s" />
          <item key="MAINLIBS" value="-lpthread -ldl -lobjc" />
          <item key="MAJOR" value="2" />
          <item key="MAKEDIRS" value="mkdir -p" />
          <item key="MAKEFILES" value="Makefile GNUmakefile" />
          <item key="MANTYPE" value="doc" />
          <item key="MATHN" value="yes" />
          <item key="MINOR" value="6" />
          <item key="MJIT_CC" value="/System/Volumes/Data/SWE/macOS/BuildRoots/b8ff8433dc/Applications/Xcode.app/Contents/Developer/Toolchains/OSX12.0.xctoolchain/usr/bin/cc" />
          <item key="MJIT_SUPPORT" value="yes" />
          <item key="MKDIR_P" value="mkdir -p" />
          <item key="NM" value="nm" />
          <item key="NULLCMD" value=":" />
          <item key="OBJDUMP" value="objdump" />
          <item key="OBJEXT" value="o" />
          <item key="OUTFLAG" value="-o " />
          <item key="PACKAGE" value="ruby" />
          <item key="PATCHLEVEL" value="205" />
          <item key="PATH_SEPARATOR" value=":" />
          <item key="POSTLINK" value="dsymutil $@; { test -z '$(RUBY_CODESIGN)' || codesign -s '$(RUBY_CODESIGN)' -f $@; }" />
          <item key="PRELOADENV" value="DYLD_INSERT_LIBRARIES" />
          <item key="PREP" value="miniruby" />
          <item key="RANLIB" value=":" />
          <item key="RI_BASE_NAME" value="ri" />
          <item key="RM" value="rm -f" />
          <item key="RMALL" value="rm -fr" />
          <item key="RMDIR" value="rmdir" />
          <item key="RMDIRS" value="rmdir -p" />
          <item key="RUBYW_BASE_NAME" value="rubyw" />
          <item key="RUBY_API_VERSION" value="2.6" />
          <item key="RUBY_BASE_NAME" value="ruby" />
          <item key="RUBY_EXEC_PREFIX" value="/System/Library/Frameworks/Ruby.framework/Versions/2.6/usr" />
          <item key="RUBY_INSTALL_NAME" value="ruby" />
          <item key="RUBY_LIB_VERSION_STYLE" value="3&#9;/* full */" />
          <item key="RUBY_PROGRAM_VERSION" value="2.6.8" />
          <item key="RUBY_SO_NAME" value="ruby.2.6" />
          <item key="RUBY_VERSION_NAME" value="ruby-2.6.0" />
          <item key="SHELL" value="/bin/sh" />
          <item key="SOEXT" value="dylib" />
          <item key="SOLIBS" value="-lpthread -ldl -lobjc" />
          <item key="STRIP" value="strip -A -n" />
          <item key="SYMBOL_PREFIX" value="_" />
          <item key="TEENY" value="8" />
          <item key="TEST_RUNNABLE" value="yes" />
          <item key="THREAD_MODEL" value="pthread" />
          <item key="UNICODE_EMOJI_VERSION" value="12.0" />
          <item key="UNICODE_VERSION" value="12.1.0" />
          <item key="UNIVERSAL_ARCHNAMES" value=" arm64e=arm64e x86_64=x86_64" />
          <item key="UNIVERSAL_INTS" value="'long long' long int short" />
          <item key="arch" value="universal-darwin21" />
          <item key="archdir" value="/System/Library/Frameworks/Ruby.framework/Versions/2.6/usr/lib/ruby/2.6.0/universal-darwin21" />
          <item key="archincludedir" value="/Library/Developer/CommandLineTools/SDKs/MacOSX.sdk/System/Library/Frameworks/Ruby.framework/Versions/2.6/usr/include/universal-darwin21" />
          <item key="archlibdir" value="/System/Library/Frameworks/Ruby.framework/Versions/2.6/usr/lib/universal-darwin21" />
          <item key="bindir" value="/System/Library/Frameworks/Ruby.framework/Versions/2.6/usr/bin" />
          <item key="build" value="x86_64-apple-darwin21" />
          <item key="build_cpu" value="x86_64" />
          <item key="build_os" value="darwin21" />
          <item key="build_vendor" value="apple" />
          <item key="cflags" value=" -g " />
          <item key="codesign" value="codesign" />
          <item key="configure_args" value=" '--prefix=/usr' '--mandir=/usr/share/man' '--infodir=/usr/share/info' '--disable-dependency-tracking' '--prefix=/System/Library/Frameworks/Ruby.framework/Versions/2.6/usr' '--sysconfdir=/Library/Ruby/Site' '--with-sitedir=/Library/Ruby/Site' '--enable-shared' '--with-arch=arm64e,x86_64' '--with-openssl-dir=/System/Volumes/Data/SWE/macOS/BuildRoots/b8ff8433dc/Applications/Xcode.app/Contents/Developer/Platforms/MacOSX.platform/Developer/SDKs/MacOSX12.0.Internal.sdk/usr/local/libressl-by-deployment-target/11.0' '--without-ext=tk' '--disable-silent-rules' 'ac_cv_func_getcontext=no' 'ac_cv_func_setcontext=no' 'ac_cv_func_utimensat=no' 'ac_cv_c_compiler_gnu=no' 'ac_cv_header_net_if_h=yes' 'av_cv_header_ifaddrs_h=yes' 'rb_cv_pri_prefix_long_long=ll' 'rb_cv_stack_grow_dir_arm64e=-1' 'ac_cv_sizeof_struct_stat_st_size=SIZEOF_OFF_T' 'ac_cv_sizeof_struct_stat_st_blocks=SIZEOF_INT64_T' 'ac_cv_sizeof_struct_stat_st_ino=SIZEOF_UINT64_T' 'CC=/System/Volumes/Data/SWE/macOS/BuildRoots/b8ff8433dc/Applications/Xcode.app/Contents/Developer/Toolchains/OSX12.0.xctoolchain/usr/bin/cc' 'CFLAGS=-arch arm64e -arch x86_64 -g -Os -pipe -DHAVE_GCC_ATOMIC_BUILTINS -DUSE_FFI_CLOSURE_ALLOC' 'LDFLAGS=-arch arm64e -arch x86_64            ' 'CXX=/System/Volumes/Data/SWE/macOS/BuildRoots/b8ff8433dc/Applications/Xcode.app/Contents/Developer/Toolchains/OSX12.0.xctoolchain/usr/bin/c++' 'CXXFLAGS=-arch arm64e -arch x86_64 -g -Os -pipe '" />
          <item key="cxxflags" value=" -g " />
          <item key="datadir" value="/System/Library/Frameworks/Ruby.framework/Versions/2.6/usr/share" />
          <item key="datarootdir" value="/System/Library/Frameworks/Ruby.framework/Versions/2.6/usr/share" />
          <item key="debugflags" value="-g" />
          <item key="docdir" value="/System/Library/Frameworks/Ruby.framework/Versions/2.6/usr/share/doc/ruby" />
          <item key="dsymutil" value="dsymutil" />
          <item key="dvidir" value="/System/Library/Frameworks/Ruby.framework/Versions/2.6/usr/share/doc/ruby" />
          <item key="exec" value="exec" />
          <item key="exec_prefix" value="/System/Library/Frameworks/Ruby.framework/Versions/2.6/usr" />
          <item key="host" value="x86_64-apple-darwin21" />
          <item key="host_cpu" value="x86_64" />
          <item key="host_os" value="darwin21" />
          <item key="host_vendor" value="apple" />
          <item key="htmldir" value="/System/Library/Frameworks/Ruby.framework/Versions/2.6/usr/share/doc/ruby" />
          <item key="includedir" value="/Library/Developer/CommandLineTools/SDKs/MacOSX.sdk/System/Library/Frameworks/Ruby.framework/Versions/2.6/usr/include" />
          <item key="infodir" value="/usr/share/info" />
          <item key="libdir" value="/System/Library/Frameworks/Ruby.framework/Versions/2.6/usr/lib" />
          <item key="libdirname" value="libdir" />
          <item key="libexecdir" value="/System/Library/Frameworks/Ruby.framework/Versions/2.6/usr/libexec" />
          <item key="localedir" value="/System/Library/Frameworks/Ruby.framework/Versions/2.6/usr/share/locale" />
          <item key="localstatedir" value="/System/Library/Frameworks/Ruby.framework/Versions/2.6/usr/var" />
          <item key="mandir" value="/usr/share/man" />
          <item key="oldincludedir" value="/usr/include" />
          <item key="pdfdir" value="/System/Library/Frameworks/Ruby.framework/Versions/2.6/usr/share/doc/ruby" />
          <item key="prefix" value="/System/Library/Frameworks/Ruby.framework/Versions/2.6/usr" />
          <item key="psdir" value="/System/Library/Frameworks/Ruby.framework/Versions/2.6/usr/share/doc/ruby" />
          <item key="ridir" value="/System/Library/Frameworks/Ruby.framework/Versions/2.6/usr/share/ri" />
          <item key="ruby_install_name" value="ruby" />
          <item key="ruby_pc" value="ruby-2.6.pc" />
          <item key="ruby_version" value="2.6.0" />
          <item key="rubyarchdir" value="/System/Library/Frameworks/Ruby.framework/Versions/2.6/usr/lib/ruby/2.6.0/universal-darwin21" />
          <item key="rubyarchhdrdir" value="/Library/Developer/CommandLineTools/SDKs/MacOSX.sdk/System/Library/Frameworks/Ruby.framework/Versions/2.6/usr/include/ruby-2.6.0/universal-darwin21" />
          <item key="rubyarchprefix" value="/System/Library/Frameworks/Ruby.framework/Versions/2.6/usr/lib/ruby/universal-darwin21" />
          <item key="rubyhdrdir" value="/Library/Developer/CommandLineTools/SDKs/MacOSX.sdk/System/Library/Frameworks/Ruby.framework/Versions/2.6/usr/include/ruby-2.6.0" />
          <item key="rubylibdir" value="/System/Library/Frameworks/Ruby.framework/Versions/2.6/usr/lib/ruby/2.6.0" />
          <item key="rubylibprefix" value="/System/Library/Frameworks/Ruby.framework/Versions/2.6/usr/lib/ruby" />
          <item key="rubysitearchprefix" value="/System/Library/Frameworks/Ruby.framework/Versions/2.6/usr/lib/ruby/universal-darwin21" />
          <item key="runstatedir" value="/System/Library/Frameworks/Ruby.framework/Versions/2.6/usr/var/run" />
          <item key="sbindir" value="/System/Library/Frameworks/Ruby.framework/Versions/2.6/usr/sbin" />
          <item key="setup" value="Setup" />
          <item key="sharedstatedir" value="/System/Library/Frameworks/Ruby.framework/Versions/2.6/usr/com" />
          <item key="sitearch" value="universal-darwin21" />
          <item key="sitearchdir" value="/Library/Ruby/Site/2.6.0/universal-darwin21" />
          <item key="sitearchhdrdir" value="/Library/Developer/CommandLineTools/SDKs/MacOSX.sdk/System/Library/Frameworks/Ruby.framework/Versions/2.6/usr/include/ruby-2.6.0/site_ruby/universal-darwin21" />
          <item key="sitearchincludedir" value="/Library/Developer/CommandLineTools/SDKs/MacOSX.sdk/System/Library/Frameworks/Ruby.framework/Versions/2.6/usr/include/universal-darwin21" />
          <item key="sitearchlibdir" value="/System/Library/Frameworks/Ruby.framework/Versions/2.6/usr/lib/universal-darwin21" />
          <item key="sitedir" value="/Library/Ruby/Site" />
          <item key="sitehdrdir" value="/Library/Developer/CommandLineTools/SDKs/MacOSX.sdk/System/Library/Frameworks/Ruby.framework/Versions/2.6/usr/include/ruby-2.6.0/site_ruby" />
          <item key="sitelibdir" value="/Library/Ruby/Site/2.6.0" />
          <item key="sysconfdir" value="/Library/Ruby/Site" />
          <item key="target" value="universal-apple-darwin21" />
          <item key="target_cpu" value="universal" />
          <item key="target_os" value="darwin21" />
          <item key="target_vendor" value="apple" />
          <item key="topdir" value="/System/Library/Frameworks/Ruby.framework/Versions/2.6/usr/lib/ruby/2.6.0/universal-darwin21" />
          <item key="try_header" value="try_compile" />
          <item key="vendorarchdir" value="/System/Library/Frameworks/Ruby.framework/Versions/2.6/usr/lib/ruby/vendor_ruby/2.6.0/universal-darwin21" />
          <item key="vendorarchhdrdir" value="/Library/Developer/CommandLineTools/SDKs/MacOSX.sdk/System/Library/Frameworks/Ruby.framework/Versions/2.6/usr/include/ruby-2.6.0/vendor_ruby/universal-darwin21" />
          <item key="vendordir" value="/System/Library/Frameworks/Ruby.framework/Versions/2.6/usr/lib/ruby/vendor_ruby" />
          <item key="vendorhdrdir" value="/Library/Developer/CommandLineTools/SDKs/MacOSX.sdk/System/Library/Frameworks/Ruby.framework/Versions/2.6/usr/include/ruby-2.6.0/vendor_ruby" />
          <item key="vendorlibdir" value="/System/Library/Frameworks/Ruby.framework/Versions/2.6/usr/lib/ruby/vendor_ruby/2.6.0" />
        </RbConfig>
      </additional>
    </jdk>
    <jdk version="2">
      <name value="chruby: 3.0.1" />
      <type value="RUBY_SDK" />
      <version value="ver.3.0.1p64 ( revision 0fb782ee38) p64" />
      <homePath value="/opt/rubies/3.0.1/bin/ruby" />
      <roots>
        <classPath>
          <root type="composite">
            <root url="file://$APPLICATION_HOME_DIR$/plugins/ruby/rubystubs/rubystubs30" type="simple" />
            <root url="file:///opt/rubies/3.0.1/lib/ruby/site_ruby/3.0.0" type="simple" />
            <root url="file:///opt/rubies/3.0.1/lib/ruby/site_ruby/3.0.0/arm64-darwin21" type="simple" />
            <root url="file:///opt/rubies/3.0.1/lib/ruby/site_ruby" type="simple" />
            <root url="file:///opt/rubies/3.0.1/lib/ruby/vendor_ruby/3.0.0" type="simple" />
            <root url="file:///opt/rubies/3.0.1/lib/ruby/vendor_ruby/3.0.0/arm64-darwin21" type="simple" />
            <root url="file:///opt/rubies/3.0.1/lib/ruby/vendor_ruby" type="simple" />
            <root url="file:///opt/rubies/3.0.1/lib/ruby/3.0.0" type="simple" />
            <root url="file:///opt/rubies/3.0.1/lib/ruby/3.0.0/arm64-darwin21" type="simple" />
          </root>
        </classPath>
        <sourcePath>
          <root type="composite">
            <root url="file:///opt/rubies/3.0.1/lib/ruby/site_ruby/3.0.0" type="simple" />
            <root url="file:///opt/rubies/3.0.1/lib/ruby/site_ruby/3.0.0/arm64-darwin21" type="simple" />
            <root url="file:///opt/rubies/3.0.1/lib/ruby/site_ruby" type="simple" />
            <root url="file:///opt/rubies/3.0.1/lib/ruby/vendor_ruby/3.0.0" type="simple" />
            <root url="file:///opt/rubies/3.0.1/lib/ruby/vendor_ruby/3.0.0/arm64-darwin21" type="simple" />
            <root url="file:///opt/rubies/3.0.1/lib/ruby/vendor_ruby" type="simple" />
            <root url="file:///opt/rubies/3.0.1/lib/ruby/3.0.0" type="simple" />
            <root url="file:///opt/rubies/3.0.1/lib/ruby/3.0.0/arm64-darwin21" type="simple" />
            <root url="file://$APPLICATION_HOME_DIR$/plugins/ruby/rubystubs/rubystubs30" type="simple" />
          </root>
        </sourcePath>
      </roots>
      <additional NORMALIZED_VERSION_STRING="ver.3.0.1p64 ( revision 0fb782ee38) p64" version="1" GEMS_BIN_DIR_PATH="$USER_HOME$/.gem/ruby/3.0.1/bin">
        <VERSION_MANAGER ID="chruby">
          <distribution-id>3.0.1</distribution-id>
          <version-manager-path>/opt/dev/sh/chruby/chruby.sh</version-manager-path>
        </VERSION_MANAGER>
        <RbConfig>
          <item key="AR" value="ar" />
          <item key="ARCH_FLAG" value="-m64" />
          <item key="ARFLAGS" value="rcu " />
          <item key="AS" value="as" />
          <item key="ASMEXT" value="S" />
          <item key="BUILTIN_TRANSSRCS" value=" enc/trans/newline.c" />
          <item key="CC" value="clang -fdeclspec" />
          <item key="CCDLFLAGS" value="-fno-common" />
          <item key="CC_VERSION" value="clang -fdeclspec --version" />
          <item key="CC_VERSION_MESSAGE" value="Apple clang version 13.0.0 (clang-1300.0.29.3)&#10;Target: arm64-apple-darwin21.1.0&#10;Thread model: posix&#10;InstalledDir: /Library/Developer/CommandLineTools/usr/bin" />
          <item key="CFLAGS" value="-O3 -ggdb3 -Wno-error=implicit-function-declaration -pipe" />
          <item key="CHDIR" value="cd -P" />
          <item key="CONFIGURE" value="configure" />
          <item key="COUTFLAG" value="-o " />
          <item key="CP" value="cp" />
          <item key="CPP" value="clang -E" />
          <item key="CPPFLAGS" value=" -I/opt/homebrew/opt/openssl@1.1/include -I/opt/homebrew/opt/readline/include -I/opt/homebrew/opt/libyaml/include -I/opt/homebrew/opt/gdbm/include -D_XOPEN_SOURCE -D_DARWIN_C_SOURCE -D_DARWIN_UNLIMITED_SELECT -D_REENTRANT  " />
          <item key="CPPOUTFILE" value="-o conftest.i" />
          <item key="CROSS_COMPILING" value="no" />
          <item key="CXX" value="clang++ -fdeclspec" />
          <item key="DLDFLAGS" value="-Wl,-undefined,dynamic_lookup -Wl,-multiply_defined,suppress -L/opt/homebrew/opt/openssl@1.1/lib -L/opt/homebrew/opt/readline/lib -L/opt/homebrew/opt/libyaml/lib -L/opt/homebrew/opt/gdbm/lib" />
          <item key="DLDSHARED" value="clang -fdeclspec -dynamiclib" />
          <item key="DLEXT" value="bundle" />
          <item key="DLNOBJ" value="dln.o" />
          <item key="ECHO_C" value="\\c" />
          <item key="EGREP" value="/usr/bin/grep -E" />
          <item key="ENABLE_SHARED" value="no" />
          <item key="EXTOUT" value=".ext" />
          <item key="GCC" value="yes" />
          <item key="GIT" value="git" />
          <item key="GNU_LD" value="no" />
          <item key="GREP" value="/usr/bin/grep" />
          <item key="HAVE_GIT" value="yes" />
          <item key="INSTALL" value="/usr/bin/install -c" />
          <item key="INSTALL_DATA" value="/usr/bin/install -c -m 644" />
          <item key="INSTALL_PROGRAM" value="/usr/bin/install -c" />
          <item key="INSTALL_SCRIPT" value="/usr/bin/install -c" />
          <item key="INSTALL_STATIC_LIBRARY" value="yes" />
          <item key="LD" value="clang" />
          <item key="LDFLAGS" value="-L. -fstack-protector-strong -L/opt/homebrew/opt/openssl@1.1/lib -L/opt/homebrew/opt/readline/lib -L/opt/homebrew/opt/libyaml/lib -L/opt/homebrew/opt/gdbm/lib" />
          <item key="LDSHARED" value="clang -fdeclspec -dynamic -bundle" />
          <item key="LDSHAREDXX" value="clang++ -fdeclspec -dynamic -bundle" />
          <item key="LIBEXT" value="a" />
          <item key="LIBPATHENV" value="DYLD_FALLBACK_LIBRARY_PATH" />
          <item key="LIBPATHFLAG" value=" -L%s" />
          <item key="LIBRUBY" value="libruby.3.0-static.a" />
          <item key="LIBRUBYARG" value="-lruby.3.0-static -framework Security -framework Foundation -lpthread -ldl -lobjc" />
          <item key="LIBRUBYARG_STATIC" value="-lruby.3.0-static -framework Security -framework Foundation -lpthread -ldl -lobjc" />
          <item key="LIBRUBY_A" value="libruby.3.0-static.a" />
          <item key="LIBRUBY_ALIASES" value="libruby.3.0.dylib" />
          <item key="LIBRUBY_RELATIVE" value="no" />
          <item key="LIBRUBY_SO" value="libruby.3.0.dylib.3.0.1" />
          <item key="LIBRUBY_SONAME" value="libruby.3.0.dylib.3.0" />
          <item key="LINK_SO" value="&#10;dsymutil $@; { test -z '$(RUBY_CODESIGN)' || codesign -s '$(RUBY_CODESIGN)' -f $@; }" />
          <item key="LN_S" value="ln -s" />
          <item key="MAINLIBS" value="-lpthread -ldl -lobjc" />
          <item key="MAJOR" value="3" />
          <item key="MAKEDIRS" value="mkdir -p" />
          <item key="MAKEFILES" value="Makefile GNUmakefile" />
          <item key="MANTYPE" value="doc" />
          <item key="MINOR" value="0" />
          <item key="MJIT_CC" value="/usr/bin/clang -fdeclspec" />
          <item key="MJIT_SUPPORT" value="yes" />
          <item key="MKDIR_P" value="mkdir -p" />
          <item key="NM" value="nm" />
          <item key="NULLCMD" value=":" />
          <item key="OBJCOPY" value=":" />
          <item key="OBJDUMP" value="objdump" />
          <item key="OBJEXT" value="o" />
          <item key="OUTFLAG" value="-o " />
          <item key="PACKAGE" value="ruby" />
          <item key="PATCHLEVEL" value="64" />
          <item key="PATH_SEPARATOR" value=":" />
          <item key="PKG_CONFIG" value="pkg-config" />
          <item key="POSTLINK" value="dsymutil $@; { test -z '$(RUBY_CODESIGN)' || codesign -s '$(RUBY_CODESIGN)' -f $@; }" />
          <item key="PRELOADENV" value="DYLD_INSERT_LIBRARIES" />
          <item key="PREP" value="miniruby exe/$(PROGRAM)" />
          <item key="RANLIB" value="ranlib" />
          <item key="RI_BASE_NAME" value="ri" />
          <item key="RM" value="rm -f" />
          <item key="RMALL" value="rm -fr" />
          <item key="RMDIR" value="rmdir" />
          <item key="RMDIRS" value="rmdir -p" />
          <item key="RUBYW_BASE_NAME" value="rubyw" />
          <item key="RUBY_API_VERSION" value="3.0" />
          <item key="RUBY_BASE_NAME" value="ruby" />
          <item key="RUBY_EXEC_PREFIX" value="/opt/rubies/3.0.1" />
          <item key="RUBY_INSTALL_NAME" value="ruby" />
          <item key="RUBY_LIB_VERSION_STYLE" value="3&#9;/* full */" />
          <item key="RUBY_PROGRAM_VERSION" value="3.0.1" />
          <item key="RUBY_SO_NAME" value="ruby.3.0" />
          <item key="RUBY_VERSION_NAME" value="ruby-3.0.0" />
          <item key="SHELL" value="/bin/sh" />
          <item key="SOEXT" value="dylib" />
          <item key="SOLIBS" value="-lpthread -ldl -lobjc" />
          <item key="STRIP" value="strip -A -n" />
          <item key="SYMBOL_PREFIX" value="_" />
          <item key="TEENY" value="1" />
          <item key="TEST_RUNNABLE" value="yes" />
          <item key="THREAD_MODEL" value="pthread" />
          <item key="UNICODE_EMOJI_VERSION" value="12.1" />
          <item key="UNICODE_VERSION" value="12.1.0" />
          <item key="WERRORFLAG" value="-Werror" />
          <item key="arch" value="arm64-darwin21" />
          <item key="archdir" value="/opt/rubies/3.0.1/lib/ruby/3.0.0/arm64-darwin21" />
          <item key="archincludedir" value="/opt/rubies/3.0.1/include/arm64-darwin21" />
          <item key="archlibdir" value="/opt/rubies/3.0.1/lib/arm64-darwin21" />
          <item key="bindir" value="/opt/rubies/3.0.1/bin" />
          <item key="build" value="aarch64-apple-darwin21.1.0" />
          <item key="build_cpu" value="aarch64" />
          <item key="build_os" value="darwin21.1.0" />
          <item key="build_vendor" value="apple" />
          <item key="cflags" value="-O3 -ggdb3 -Wno-error=implicit-function-declaration" />
          <item key="codesign" value="codesign" />
          <item key="configure_args" value=" '--without-gmp' '--prefix=/opt/rubies/3.0.1' '--with-opt-dir=/opt/homebrew/opt/openssl@1.1:/opt/homebrew/opt/readline:/opt/homebrew/opt/libyaml:/opt/homebrew/opt/gdbm'" />
          <item key="datadir" value="/opt/rubies/3.0.1/share" />
          <item key="datarootdir" value="/opt/rubies/3.0.1/share" />
          <item key="debugflags" value="-ggdb3" />
          <item key="docdir" value="/opt/rubies/3.0.1/share/doc/ruby" />
          <item key="dsymutil" value="dsymutil" />
          <item key="dvidir" value="/opt/rubies/3.0.1/share/doc/ruby" />
          <item key="exec" value="exec" />
          <item key="exec_prefix" value="/opt/rubies/3.0.1" />
          <item key="host" value="arm64-apple-darwin21" />
          <item key="host_cpu" value="arm64" />
          <item key="host_os" value="darwin21" />
          <item key="host_vendor" value="apple" />
          <item key="htmldir" value="/opt/rubies/3.0.1/share/doc/ruby" />
          <item key="includedir" value="/opt/rubies/3.0.1/include" />
          <item key="infodir" value="/opt/rubies/3.0.1/share/info" />
          <item key="libdir" value="/opt/rubies/3.0.1/lib" />
          <item key="libdirname" value="libdir" />
          <item key="libexecdir" value="/opt/rubies/3.0.1/libexec" />
          <item key="localedir" value="/opt/rubies/3.0.1/share/locale" />
          <item key="localstatedir" value="/opt/rubies/3.0.1/var" />
          <item key="mandir" value="/opt/rubies/3.0.1/share/man" />
          <item key="oldincludedir" value="/usr/include" />
          <item key="optflags" value="-O3" />
          <item key="pdfdir" value="/opt/rubies/3.0.1/share/doc/ruby" />
          <item key="prefix" value="/opt/rubies/3.0.1" />
          <item key="psdir" value="/opt/rubies/3.0.1/share/doc/ruby" />
          <item key="ridir" value="/opt/rubies/3.0.1/share/ri" />
          <item key="ruby_install_name" value="ruby" />
          <item key="ruby_pc" value="ruby-3.0.pc" />
          <item key="ruby_version" value="3.0.0" />
          <item key="rubyarchdir" value="/opt/rubies/3.0.1/lib/ruby/3.0.0/arm64-darwin21" />
          <item key="rubyarchhdrdir" value="/opt/rubies/3.0.1/include/ruby-3.0.0/arm64-darwin21" />
          <item key="rubyarchprefix" value="/opt/rubies/3.0.1/lib/ruby/arm64-darwin21" />
          <item key="rubyhdrdir" value="/opt/rubies/3.0.1/include/ruby-3.0.0" />
          <item key="rubylibdir" value="/opt/rubies/3.0.1/lib/ruby/3.0.0" />
          <item key="rubylibprefix" value="/opt/rubies/3.0.1/lib/ruby" />
          <item key="rubysitearchprefix" value="/opt/rubies/3.0.1/lib/ruby/arm64-darwin21" />
          <item key="runstatedir" value="/opt/rubies/3.0.1/var/run" />
          <item key="sbindir" value="/opt/rubies/3.0.1/sbin" />
          <item key="setup" value="Setup" />
          <item key="sharedstatedir" value="/opt/rubies/3.0.1/com" />
          <item key="sitearch" value="arm64-darwin21" />
          <item key="sitearchdir" value="/opt/rubies/3.0.1/lib/ruby/site_ruby/3.0.0/arm64-darwin21" />
          <item key="sitearchhdrdir" value="/opt/rubies/3.0.1/include/ruby-3.0.0/site_ruby/arm64-darwin21" />
          <item key="sitearchincludedir" value="/opt/rubies/3.0.1/include/arm64-darwin21" />
          <item key="sitearchlibdir" value="/opt/rubies/3.0.1/lib/arm64-darwin21" />
          <item key="sitedir" value="/opt/rubies/3.0.1/lib/ruby/site_ruby" />
          <item key="sitehdrdir" value="/opt/rubies/3.0.1/include/ruby-3.0.0/site_ruby" />
          <item key="sitelibdir" value="/opt/rubies/3.0.1/lib/ruby/site_ruby/3.0.0" />
          <item key="strict_warnflags" value="-std=gnu99" />
          <item key="sysconfdir" value="/opt/rubies/3.0.1/etc" />
          <item key="target" value="arm64-apple-darwin21" />
          <item key="target_cpu" value="arm64" />
          <item key="target_os" value="darwin21" />
          <item key="target_vendor" value="apple" />
          <item key="topdir" value="/opt/rubies/3.0.1/lib/ruby/3.0.0/arm64-darwin21" />
          <item key="vendorarchdir" value="/opt/rubies/3.0.1/lib/ruby/vendor_ruby/3.0.0/arm64-darwin21" />
          <item key="vendorarchhdrdir" value="/opt/rubies/3.0.1/include/ruby-3.0.0/vendor_ruby/arm64-darwin21" />
          <item key="vendordir" value="/opt/rubies/3.0.1/lib/ruby/vendor_ruby" />
          <item key="vendorhdrdir" value="/opt/rubies/3.0.1/include/ruby-3.0.0/vendor_ruby" />
          <item key="vendorlibdir" value="/opt/rubies/3.0.1/lib/ruby/vendor_ruby/3.0.0" />
          <item key="warnflags" value="-Wno-error=implicit-function-declaration" />
        </RbConfig>
      </additional>
    </jdk>
    <jdk version="2">
      <name value="chruby: 3.0.3" />
      <type value="RUBY_SDK" />
      <version value="ver.3.0.3p157 ( revision 3fb7d2cadc) p157" />
      <homePath value="/opt/rubies/3.0.3/bin/ruby" />
      <roots>
        <classPath>
          <root type="composite">
            <root url="file:///opt/rubies/3.0.3/lib/ruby/site_ruby/3.0.0" type="simple" />
            <root url="file:///opt/rubies/3.0.3/lib/ruby/site_ruby/3.0.0/arm64-darwin21" type="simple" />
            <root url="file:///opt/rubies/3.0.3/lib/ruby/site_ruby" type="simple" />
            <root url="file:///opt/rubies/3.0.3/lib/ruby/vendor_ruby/3.0.0" type="simple" />
            <root url="file:///opt/rubies/3.0.3/lib/ruby/vendor_ruby/3.0.0/arm64-darwin21" type="simple" />
            <root url="file:///opt/rubies/3.0.3/lib/ruby/vendor_ruby" type="simple" />
            <root url="file:///opt/rubies/3.0.3/lib/ruby/3.0.0" type="simple" />
            <root url="file:///opt/rubies/3.0.3/lib/ruby/3.0.0/arm64-darwin21" type="simple" />
            <root url="file://$APPLICATION_HOME_DIR$/plugins/ruby/rubystubs/rubystubs30" type="simple" />
          </root>
        </classPath>
        <sourcePath>
          <root type="composite">
            <root url="file:///opt/rubies/3.0.3/lib/ruby/site_ruby/3.0.0" type="simple" />
            <root url="file:///opt/rubies/3.0.3/lib/ruby/site_ruby/3.0.0/arm64-darwin21" type="simple" />
            <root url="file:///opt/rubies/3.0.3/lib/ruby/site_ruby" type="simple" />
            <root url="file:///opt/rubies/3.0.3/lib/ruby/vendor_ruby/3.0.0" type="simple" />
            <root url="file:///opt/rubies/3.0.3/lib/ruby/vendor_ruby/3.0.0/arm64-darwin21" type="simple" />
            <root url="file:///opt/rubies/3.0.3/lib/ruby/vendor_ruby" type="simple" />
            <root url="file:///opt/rubies/3.0.3/lib/ruby/3.0.0" type="simple" />
            <root url="file:///opt/rubies/3.0.3/lib/ruby/3.0.0/arm64-darwin21" type="simple" />
            <root url="file://$APPLICATION_HOME_DIR$/plugins/ruby/rubystubs/rubystubs30" type="simple" />
          </root>
        </sourcePath>
      </roots>
      <additional NORMALIZED_VERSION_STRING="ver.3.0.3p157 ( revision 3fb7d2cadc) p157" version="1" GEMS_BIN_DIR_PATH="$USER_HOME$/.gem/ruby/3.0.3/bin">
        <VERSION_MANAGER ID="chruby">
          <distribution-id>3.0.3</distribution-id>
          <version-manager-path>/opt/dev/sh/chruby/chruby.sh</version-manager-path>
        </VERSION_MANAGER>
        <RbConfig>
          <item key="AR" value="ar" />
          <item key="ARCH_FLAG" value="-m64" />
          <item key="ARFLAGS" value="rcu " />
          <item key="AS" value="as" />
          <item key="ASMEXT" value="S" />
          <item key="BUILTIN_TRANSSRCS" value=" enc/trans/newline.c" />
          <item key="CC" value="clang -fdeclspec" />
          <item key="CCDLFLAGS" value="-fno-common" />
          <item key="CC_VERSION" value="clang -fdeclspec --version" />
          <item key="CC_VERSION_MESSAGE" value="Apple clang version 13.0.0 (clang-1300.0.29.3)&#10;Target: arm64-apple-darwin21.1.0&#10;Thread model: posix&#10;InstalledDir: /Library/Developer/CommandLineTools/usr/bin" />
          <item key="CFLAGS" value="-O3 -ggdb3 -Wno-error=implicit-function-declaration -pipe" />
          <item key="CHDIR" value="cd -P" />
          <item key="CONFIGURE" value="configure" />
          <item key="COUTFLAG" value="-o " />
          <item key="CP" value="cp" />
          <item key="CPP" value="clang -E" />
          <item key="CPPFLAGS" value=" -I/opt/homebrew/opt/openssl@1.1/include -I/opt/homebrew/opt/readline/include -I/opt/homebrew/opt/libyaml/include -I/opt/homebrew/opt/gdbm/include -D_XOPEN_SOURCE -D_DARWIN_C_SOURCE -D_DARWIN_UNLIMITED_SELECT -D_REENTRANT  " />
          <item key="CPPOUTFILE" value="-o conftest.i" />
          <item key="CROSS_COMPILING" value="no" />
          <item key="CXX" value="clang++ -fdeclspec" />
          <item key="DLDFLAGS" value="-Wl,-undefined,dynamic_lookup -Wl,-multiply_defined,suppress -L/opt/homebrew/opt/openssl@1.1/lib -L/opt/homebrew/opt/readline/lib -L/opt/homebrew/opt/libyaml/lib -L/opt/homebrew/opt/gdbm/lib" />
          <item key="DLDSHARED" value="clang -fdeclspec -dynamiclib" />
          <item key="DLEXT" value="bundle" />
          <item key="DLNOBJ" value="dln.o" />
          <item key="ECHO_C" value="\\c" />
          <item key="EGREP" value="/usr/bin/grep -E" />
          <item key="ENABLE_SHARED" value="no" />
          <item key="EXTOUT" value=".ext" />
          <item key="GCC" value="yes" />
          <item key="GIT" value="git" />
          <item key="GNU_LD" value="no" />
          <item key="GREP" value="/usr/bin/grep" />
          <item key="HAVE_GIT" value="yes" />
          <item key="INSTALL" value="/usr/bin/install -c" />
          <item key="INSTALL_DATA" value="/usr/bin/install -c -m 644" />
          <item key="INSTALL_PROGRAM" value="/usr/bin/install -c" />
          <item key="INSTALL_SCRIPT" value="/usr/bin/install -c" />
          <item key="INSTALL_STATIC_LIBRARY" value="yes" />
          <item key="LD" value="clang" />
          <item key="LDFLAGS" value="-L. -fstack-protector-strong -L/opt/homebrew/opt/openssl@1.1/lib -L/opt/homebrew/opt/readline/lib -L/opt/homebrew/opt/libyaml/lib -L/opt/homebrew/opt/gdbm/lib" />
          <item key="LDSHARED" value="clang -fdeclspec -dynamic -bundle" />
          <item key="LDSHAREDXX" value="clang++ -fdeclspec -dynamic -bundle" />
          <item key="LIBEXT" value="a" />
          <item key="LIBPATHENV" value="DYLD_FALLBACK_LIBRARY_PATH" />
          <item key="LIBPATHFLAG" value=" -L%s" />
          <item key="LIBRUBY" value="libruby.3.0-static.a" />
          <item key="LIBRUBYARG" value="-lruby.3.0-static -framework Security -framework Foundation -lpthread -ldl -lobjc" />
          <item key="LIBRUBYARG_STATIC" value="-lruby.3.0-static -framework Security -framework Foundation -lpthread -ldl -lobjc" />
          <item key="LIBRUBY_A" value="libruby.3.0-static.a" />
          <item key="LIBRUBY_ALIASES" value="libruby.3.0.dylib" />
          <item key="LIBRUBY_RELATIVE" value="no" />
          <item key="LIBRUBY_SO" value="libruby.3.0.dylib.3.0.3" />
          <item key="LIBRUBY_SONAME" value="libruby.3.0.dylib.3.0" />
          <item key="LINK_SO" value="&#10;dsymutil $@; { test -z '$(RUBY_CODESIGN)' || codesign -s '$(RUBY_CODESIGN)' -f $@; }" />
          <item key="LN_S" value="ln -s" />
          <item key="MAINLIBS" value="-lpthread -ldl -lobjc" />
          <item key="MAJOR" value="3" />
          <item key="MAKEDIRS" value="mkdir -p" />
          <item key="MAKEFILES" value="Makefile GNUmakefile" />
          <item key="MANTYPE" value="doc" />
          <item key="MINOR" value="0" />
          <item key="MJIT_CC" value="/usr/bin/clang -fdeclspec" />
          <item key="MJIT_SUPPORT" value="yes" />
          <item key="MKDIR_P" value="mkdir -p" />
          <item key="NM" value="nm" />
          <item key="NULLCMD" value=":" />
          <item key="OBJCOPY" value=":" />
          <item key="OBJDUMP" value="objdump" />
          <item key="OBJEXT" value="o" />
          <item key="OUTFLAG" value="-o " />
          <item key="PACKAGE" value="ruby" />
          <item key="PATCHLEVEL" value="157" />
          <item key="PATH_SEPARATOR" value=":" />
          <item key="PKG_CONFIG" value="pkg-config" />
          <item key="POSTLINK" value="dsymutil $@; { test -z '$(RUBY_CODESIGN)' || codesign -s '$(RUBY_CODESIGN)' -f $@; }" />
          <item key="PRELOADENV" value="DYLD_INSERT_LIBRARIES" />
          <item key="PREP" value="miniruby exe/$(PROGRAM)" />
          <item key="RANLIB" value="ranlib" />
          <item key="RI_BASE_NAME" value="ri" />
          <item key="RM" value="rm -f" />
          <item key="RMALL" value="rm -fr" />
          <item key="RMDIR" value="rmdir" />
          <item key="RMDIRS" value="rmdir -p" />
          <item key="RUBYW_BASE_NAME" value="rubyw" />
          <item key="RUBY_API_VERSION" value="3.0" />
          <item key="RUBY_BASE_NAME" value="ruby" />
          <item key="RUBY_EXEC_PREFIX" value="/opt/rubies/3.0.3" />
          <item key="RUBY_INSTALL_NAME" value="ruby" />
          <item key="RUBY_LIB_VERSION_STYLE" value="3&#9;/* full */" />
          <item key="RUBY_PROGRAM_VERSION" value="3.0.3" />
          <item key="RUBY_SO_NAME" value="ruby.3.0" />
          <item key="RUBY_VERSION_NAME" value="ruby-3.0.0" />
          <item key="SHELL" value="/bin/sh" />
          <item key="SOEXT" value="dylib" />
          <item key="SOLIBS" value="-lpthread -ldl -lobjc" />
          <item key="STRIP" value="strip -A -n" />
          <item key="SYMBOL_PREFIX" value="_" />
          <item key="TEENY" value="3" />
          <item key="TEST_RUNNABLE" value="yes" />
          <item key="THREAD_MODEL" value="pthread" />
          <item key="UNICODE_EMOJI_VERSION" value="12.1" />
          <item key="UNICODE_VERSION" value="12.1.0" />
          <item key="WERRORFLAG" value="-Werror" />
          <item key="arch" value="arm64-darwin21" />
          <item key="archdir" value="/opt/rubies/3.0.3/lib/ruby/3.0.0/arm64-darwin21" />
          <item key="archincludedir" value="/opt/rubies/3.0.3/include/arm64-darwin21" />
          <item key="archlibdir" value="/opt/rubies/3.0.3/lib/arm64-darwin21" />
          <item key="bindir" value="/opt/rubies/3.0.3/bin" />
          <item key="build" value="aarch64-apple-darwin21.1.0" />
          <item key="build_cpu" value="aarch64" />
          <item key="build_os" value="darwin21.1.0" />
          <item key="build_vendor" value="apple" />
          <item key="cflags" value="-O3 -ggdb3 -Wno-error=implicit-function-declaration" />
          <item key="codesign" value="codesign" />
          <item key="configure_args" value=" '--without-gmp' '--prefix=/opt/rubies/3.0.3' '--with-opt-dir=/opt/homebrew/opt/openssl@1.1:/opt/homebrew/opt/readline:/opt/homebrew/opt/libyaml:/opt/homebrew/opt/gdbm'" />
          <item key="datadir" value="/opt/rubies/3.0.3/share" />
          <item key="datarootdir" value="/opt/rubies/3.0.3/share" />
          <item key="debugflags" value="-ggdb3" />
          <item key="docdir" value="/opt/rubies/3.0.3/share/doc/ruby" />
          <item key="dsymutil" value="dsymutil" />
          <item key="dvidir" value="/opt/rubies/3.0.3/share/doc/ruby" />
          <item key="exec" value="exec" />
          <item key="exec_prefix" value="/opt/rubies/3.0.3" />
          <item key="host" value="arm64-apple-darwin21" />
          <item key="host_cpu" value="arm64" />
          <item key="host_os" value="darwin21" />
          <item key="host_vendor" value="apple" />
          <item key="htmldir" value="/opt/rubies/3.0.3/share/doc/ruby" />
          <item key="includedir" value="/opt/rubies/3.0.3/include" />
          <item key="infodir" value="/opt/rubies/3.0.3/share/info" />
          <item key="libdir" value="/opt/rubies/3.0.3/lib" />
          <item key="libdirname" value="libdir" />
          <item key="libexecdir" value="/opt/rubies/3.0.3/libexec" />
          <item key="localedir" value="/opt/rubies/3.0.3/share/locale" />
          <item key="localstatedir" value="/opt/rubies/3.0.3/var" />
          <item key="mandir" value="/opt/rubies/3.0.3/share/man" />
          <item key="oldincludedir" value="/usr/include" />
          <item key="optflags" value="-O3" />
          <item key="pdfdir" value="/opt/rubies/3.0.3/share/doc/ruby" />
          <item key="prefix" value="/opt/rubies/3.0.3" />
          <item key="psdir" value="/opt/rubies/3.0.3/share/doc/ruby" />
          <item key="ridir" value="/opt/rubies/3.0.3/share/ri" />
          <item key="ruby_install_name" value="ruby" />
          <item key="ruby_pc" value="ruby-3.0.pc" />
          <item key="ruby_version" value="3.0.0" />
          <item key="rubyarchdir" value="/opt/rubies/3.0.3/lib/ruby/3.0.0/arm64-darwin21" />
          <item key="rubyarchhdrdir" value="/opt/rubies/3.0.3/include/ruby-3.0.0/arm64-darwin21" />
          <item key="rubyarchprefix" value="/opt/rubies/3.0.3/lib/ruby/arm64-darwin21" />
          <item key="rubyhdrdir" value="/opt/rubies/3.0.3/include/ruby-3.0.0" />
          <item key="rubylibdir" value="/opt/rubies/3.0.3/lib/ruby/3.0.0" />
          <item key="rubylibprefix" value="/opt/rubies/3.0.3/lib/ruby" />
          <item key="rubysitearchprefix" value="/opt/rubies/3.0.3/lib/ruby/arm64-darwin21" />
          <item key="runstatedir" value="/opt/rubies/3.0.3/var/run" />
          <item key="sbindir" value="/opt/rubies/3.0.3/sbin" />
          <item key="setup" value="Setup" />
          <item key="sharedstatedir" value="/opt/rubies/3.0.3/com" />
          <item key="sitearch" value="arm64-darwin21" />
          <item key="sitearchdir" value="/opt/rubies/3.0.3/lib/ruby/site_ruby/3.0.0/arm64-darwin21" />
          <item key="sitearchhdrdir" value="/opt/rubies/3.0.3/include/ruby-3.0.0/site_ruby/arm64-darwin21" />
          <item key="sitearchincludedir" value="/opt/rubies/3.0.3/include/arm64-darwin21" />
          <item key="sitearchlibdir" value="/opt/rubies/3.0.3/lib/arm64-darwin21" />
          <item key="sitedir" value="/opt/rubies/3.0.3/lib/ruby/site_ruby" />
          <item key="sitehdrdir" value="/opt/rubies/3.0.3/include/ruby-3.0.0/site_ruby" />
          <item key="sitelibdir" value="/opt/rubies/3.0.3/lib/ruby/site_ruby/3.0.0" />
          <item key="strict_warnflags" value="-std=gnu99" />
          <item key="sysconfdir" value="/opt/rubies/3.0.3/etc" />
          <item key="target" value="arm64-apple-darwin21" />
          <item key="target_cpu" value="arm64" />
          <item key="target_os" value="darwin21" />
          <item key="target_vendor" value="apple" />
          <item key="topdir" value="/opt/rubies/3.0.3/lib/ruby/3.0.0/arm64-darwin21" />
          <item key="vendorarchdir" value="/opt/rubies/3.0.3/lib/ruby/vendor_ruby/3.0.0/arm64-darwin21" />
          <item key="vendorarchhdrdir" value="/opt/rubies/3.0.3/include/ruby-3.0.0/vendor_ruby/arm64-darwin21" />
          <item key="vendordir" value="/opt/rubies/3.0.3/lib/ruby/vendor_ruby" />
          <item key="vendorhdrdir" value="/opt/rubies/3.0.3/include/ruby-3.0.0/vendor_ruby" />
          <item key="vendorlibdir" value="/opt/rubies/3.0.3/lib/ruby/vendor_ruby/3.0.0" />
          <item key="warnflags" value="-Wno-error=implicit-function-declaration" />
        </RbConfig>
      </additional>
    </jdk>
    <jdk version="2">
      <name value="chruby: 3.0.2" />
      <type value="RUBY_SDK" />
      <version value="ver.3.0.2p107 ( revision 0db68f0233) p107" />
      <homePath value="/opt/rubies/3.0.2/bin/ruby" />
      <roots>
        <classPath>
          <root type="composite">
            <root url="file:///opt/rubies/3.0.2/lib/ruby/site_ruby/3.0.0" type="simple" />
            <root url="file:///opt/rubies/3.0.2/lib/ruby/site_ruby/3.0.0/arm64-darwin21" type="simple" />
            <root url="file:///opt/rubies/3.0.2/lib/ruby/site_ruby" type="simple" />
            <root url="file:///opt/rubies/3.0.2/lib/ruby/vendor_ruby/3.0.0" type="simple" />
            <root url="file:///opt/rubies/3.0.2/lib/ruby/vendor_ruby/3.0.0/arm64-darwin21" type="simple" />
            <root url="file:///opt/rubies/3.0.2/lib/ruby/vendor_ruby" type="simple" />
            <root url="file:///opt/rubies/3.0.2/lib/ruby/3.0.0" type="simple" />
            <root url="file:///opt/rubies/3.0.2/lib/ruby/3.0.0/arm64-darwin21" type="simple" />
            <root url="file://$APPLICATION_HOME_DIR$/plugins/ruby/rubystubs/rubystubs30" type="simple" />
          </root>
        </classPath>
        <sourcePath>
          <root type="composite">
            <root url="file:///opt/rubies/3.0.2/lib/ruby/site_ruby/3.0.0" type="simple" />
            <root url="file:///opt/rubies/3.0.2/lib/ruby/site_ruby/3.0.0/arm64-darwin21" type="simple" />
            <root url="file:///opt/rubies/3.0.2/lib/ruby/site_ruby" type="simple" />
            <root url="file:///opt/rubies/3.0.2/lib/ruby/vendor_ruby/3.0.0" type="simple" />
            <root url="file:///opt/rubies/3.0.2/lib/ruby/vendor_ruby/3.0.0/arm64-darwin21" type="simple" />
            <root url="file:///opt/rubies/3.0.2/lib/ruby/vendor_ruby" type="simple" />
            <root url="file:///opt/rubies/3.0.2/lib/ruby/3.0.0" type="simple" />
            <root url="file:///opt/rubies/3.0.2/lib/ruby/3.0.0/arm64-darwin21" type="simple" />
            <root url="file://$APPLICATION_HOME_DIR$/plugins/ruby/rubystubs/rubystubs30" type="simple" />
          </root>
        </sourcePath>
      </roots>
      <additional NORMALIZED_VERSION_STRING="ver.3.0.2p107 ( revision 0db68f0233) p107" version="1" GEMS_BIN_DIR_PATH="$USER_HOME$/.gem/ruby/3.0.2/bin">
        <VERSION_MANAGER ID="chruby">
          <distribution-id>3.0.2</distribution-id>
          <version-manager-path>/opt/dev/sh/chruby/chruby.sh</version-manager-path>
        </VERSION_MANAGER>
        <RbConfig>
          <item key="AR" value="ar" />
          <item key="ARCH_FLAG" value="-m64" />
          <item key="ARFLAGS" value="rcu " />
          <item key="AS" value="as" />
          <item key="ASMEXT" value="S" />
          <item key="BUILTIN_TRANSSRCS" value=" enc/trans/newline.c" />
          <item key="CC" value="clang -fdeclspec" />
          <item key="CCDLFLAGS" value="-fno-common" />
          <item key="CC_VERSION" value="clang -fdeclspec --version" />
          <item key="CC_VERSION_MESSAGE" value="Apple clang version 13.0.0 (clang-1300.0.29.3)&#10;Target: arm64-apple-darwin21.1.0&#10;Thread model: posix&#10;InstalledDir: /Library/Developer/CommandLineTools/usr/bin" />
          <item key="CFLAGS" value="-O3 -ggdb3 -Wno-error=implicit-function-declaration -pipe" />
          <item key="CHDIR" value="cd -P" />
          <item key="CONFIGURE" value="configure" />
          <item key="COUTFLAG" value="-o " />
          <item key="CP" value="cp" />
          <item key="CPP" value="clang -E" />
          <item key="CPPFLAGS" value=" -I/opt/homebrew/opt/openssl@1.1/include -I/opt/homebrew/opt/readline/include -I/opt/homebrew/opt/libyaml/include -I/opt/homebrew/opt/gdbm/include -D_XOPEN_SOURCE -D_DARWIN_C_SOURCE -D_DARWIN_UNLIMITED_SELECT -D_REENTRANT  " />
          <item key="CPPOUTFILE" value="-o conftest.i" />
          <item key="CROSS_COMPILING" value="no" />
          <item key="CXX" value="clang++ -fdeclspec" />
          <item key="DLDFLAGS" value="-Wl,-undefined,dynamic_lookup -Wl,-multiply_defined,suppress -L/opt/homebrew/opt/openssl@1.1/lib -L/opt/homebrew/opt/readline/lib -L/opt/homebrew/opt/libyaml/lib -L/opt/homebrew/opt/gdbm/lib" />
          <item key="DLDSHARED" value="clang -fdeclspec -dynamiclib" />
          <item key="DLEXT" value="bundle" />
          <item key="DLNOBJ" value="dln.o" />
          <item key="ECHO_C" value="\\c" />
          <item key="EGREP" value="/usr/bin/grep -E" />
          <item key="ENABLE_SHARED" value="no" />
          <item key="EXTOUT" value=".ext" />
          <item key="GCC" value="yes" />
          <item key="GIT" value="git" />
          <item key="GNU_LD" value="no" />
          <item key="GREP" value="/usr/bin/grep" />
          <item key="HAVE_GIT" value="yes" />
          <item key="INSTALL" value="/usr/bin/install -c" />
          <item key="INSTALL_DATA" value="/usr/bin/install -c -m 644" />
          <item key="INSTALL_PROGRAM" value="/usr/bin/install -c" />
          <item key="INSTALL_SCRIPT" value="/usr/bin/install -c" />
          <item key="INSTALL_STATIC_LIBRARY" value="yes" />
          <item key="LD" value="clang" />
          <item key="LDFLAGS" value="-L. -fstack-protector-strong -L/opt/homebrew/opt/openssl@1.1/lib -L/opt/homebrew/opt/readline/lib -L/opt/homebrew/opt/libyaml/lib -L/opt/homebrew/opt/gdbm/lib" />
          <item key="LDSHARED" value="clang -fdeclspec -dynamic -bundle" />
          <item key="LDSHAREDXX" value="clang++ -fdeclspec -dynamic -bundle" />
          <item key="LIBEXT" value="a" />
          <item key="LIBPATHENV" value="DYLD_FALLBACK_LIBRARY_PATH" />
          <item key="LIBPATHFLAG" value=" -L%s" />
          <item key="LIBRUBY" value="libruby.3.0-static.a" />
          <item key="LIBRUBYARG" value="-lruby.3.0-static -framework Security -framework Foundation -lpthread -ldl -lobjc" />
          <item key="LIBRUBYARG_STATIC" value="-lruby.3.0-static -framework Security -framework Foundation -lpthread -ldl -lobjc" />
          <item key="LIBRUBY_A" value="libruby.3.0-static.a" />
          <item key="LIBRUBY_ALIASES" value="libruby.3.0.dylib" />
          <item key="LIBRUBY_RELATIVE" value="no" />
          <item key="LIBRUBY_SO" value="libruby.3.0.dylib.3.0.2" />
          <item key="LIBRUBY_SONAME" value="libruby.3.0.dylib.3.0" />
          <item key="LINK_SO" value="&#10;dsymutil $@; { test -z '$(RUBY_CODESIGN)' || codesign -s '$(RUBY_CODESIGN)' -f $@; }" />
          <item key="LN_S" value="ln -s" />
          <item key="MAINLIBS" value="-lpthread -ldl -lobjc" />
          <item key="MAJOR" value="3" />
          <item key="MAKEDIRS" value="mkdir -p" />
          <item key="MAKEFILES" value="Makefile GNUmakefile" />
          <item key="MANTYPE" value="doc" />
          <item key="MINOR" value="0" />
          <item key="MJIT_CC" value="/usr/bin/clang -fdeclspec" />
          <item key="MJIT_SUPPORT" value="yes" />
          <item key="MKDIR_P" value="mkdir -p" />
          <item key="NM" value="nm" />
          <item key="NULLCMD" value=":" />
          <item key="OBJCOPY" value=":" />
          <item key="OBJDUMP" value="objdump" />
          <item key="OBJEXT" value="o" />
          <item key="OUTFLAG" value="-o " />
          <item key="PACKAGE" value="ruby" />
          <item key="PATCHLEVEL" value="107" />
          <item key="PATH_SEPARATOR" value=":" />
          <item key="PKG_CONFIG" value="pkg-config" />
          <item key="POSTLINK" value="dsymutil $@; { test -z '$(RUBY_CODESIGN)' || codesign -s '$(RUBY_CODESIGN)' -f $@; }" />
          <item key="PRELOADENV" value="DYLD_INSERT_LIBRARIES" />
          <item key="PREP" value="miniruby exe/$(PROGRAM)" />
          <item key="RANLIB" value="ranlib" />
          <item key="RI_BASE_NAME" value="ri" />
          <item key="RM" value="rm -f" />
          <item key="RMALL" value="rm -fr" />
          <item key="RMDIR" value="rmdir" />
          <item key="RMDIRS" value="rmdir -p" />
          <item key="RUBYW_BASE_NAME" value="rubyw" />
          <item key="RUBY_API_VERSION" value="3.0" />
          <item key="RUBY_BASE_NAME" value="ruby" />
          <item key="RUBY_EXEC_PREFIX" value="/opt/rubies/3.0.2" />
          <item key="RUBY_INSTALL_NAME" value="ruby" />
          <item key="RUBY_LIB_VERSION_STYLE" value="3&#9;/* full */" />
          <item key="RUBY_PROGRAM_VERSION" value="3.0.2" />
          <item key="RUBY_SO_NAME" value="ruby.3.0" />
          <item key="RUBY_VERSION_NAME" value="ruby-3.0.0" />
          <item key="SHELL" value="/bin/sh" />
          <item key="SOEXT" value="dylib" />
          <item key="SOLIBS" value="-lpthread -ldl -lobjc" />
          <item key="STRIP" value="strip -A -n" />
          <item key="SYMBOL_PREFIX" value="_" />
          <item key="TEENY" value="2" />
          <item key="TEST_RUNNABLE" value="yes" />
          <item key="THREAD_MODEL" value="pthread" />
          <item key="UNICODE_EMOJI_VERSION" value="12.1" />
          <item key="UNICODE_VERSION" value="12.1.0" />
          <item key="WERRORFLAG" value="-Werror" />
          <item key="arch" value="arm64-darwin21" />
          <item key="archdir" value="/opt/rubies/3.0.2/lib/ruby/3.0.0/arm64-darwin21" />
          <item key="archincludedir" value="/opt/rubies/3.0.2/include/arm64-darwin21" />
          <item key="archlibdir" value="/opt/rubies/3.0.2/lib/arm64-darwin21" />
          <item key="bindir" value="/opt/rubies/3.0.2/bin" />
          <item key="build" value="aarch64-apple-darwin21.1.0" />
          <item key="build_cpu" value="aarch64" />
          <item key="build_os" value="darwin21.1.0" />
          <item key="build_vendor" value="apple" />
          <item key="cflags" value="-O3 -ggdb3 -Wno-error=implicit-function-declaration" />
          <item key="codesign" value="codesign" />
          <item key="configure_args" value=" '--without-gmp' '--prefix=/opt/rubies/3.0.2' '--with-opt-dir=/opt/homebrew/opt/openssl@1.1:/opt/homebrew/opt/readline:/opt/homebrew/opt/libyaml:/opt/homebrew/opt/gdbm'" />
          <item key="datadir" value="/opt/rubies/3.0.2/share" />
          <item key="datarootdir" value="/opt/rubies/3.0.2/share" />
          <item key="debugflags" value="-ggdb3" />
          <item key="docdir" value="/opt/rubies/3.0.2/share/doc/ruby" />
          <item key="dsymutil" value="dsymutil" />
          <item key="dvidir" value="/opt/rubies/3.0.2/share/doc/ruby" />
          <item key="exec" value="exec" />
          <item key="exec_prefix" value="/opt/rubies/3.0.2" />
          <item key="host" value="arm64-apple-darwin21" />
          <item key="host_cpu" value="arm64" />
          <item key="host_os" value="darwin21" />
          <item key="host_vendor" value="apple" />
          <item key="htmldir" value="/opt/rubies/3.0.2/share/doc/ruby" />
          <item key="includedir" value="/opt/rubies/3.0.2/include" />
          <item key="infodir" value="/opt/rubies/3.0.2/share/info" />
          <item key="libdir" value="/opt/rubies/3.0.2/lib" />
          <item key="libdirname" value="libdir" />
          <item key="libexecdir" value="/opt/rubies/3.0.2/libexec" />
          <item key="localedir" value="/opt/rubies/3.0.2/share/locale" />
          <item key="localstatedir" value="/opt/rubies/3.0.2/var" />
          <item key="mandir" value="/opt/rubies/3.0.2/share/man" />
          <item key="oldincludedir" value="/usr/include" />
          <item key="optflags" value="-O3" />
          <item key="pdfdir" value="/opt/rubies/3.0.2/share/doc/ruby" />
          <item key="prefix" value="/opt/rubies/3.0.2" />
          <item key="psdir" value="/opt/rubies/3.0.2/share/doc/ruby" />
          <item key="ridir" value="/opt/rubies/3.0.2/share/ri" />
          <item key="ruby_install_name" value="ruby" />
          <item key="ruby_pc" value="ruby-3.0.pc" />
          <item key="ruby_version" value="3.0.0" />
          <item key="rubyarchdir" value="/opt/rubies/3.0.2/lib/ruby/3.0.0/arm64-darwin21" />
          <item key="rubyarchhdrdir" value="/opt/rubies/3.0.2/include/ruby-3.0.0/arm64-darwin21" />
          <item key="rubyarchprefix" value="/opt/rubies/3.0.2/lib/ruby/arm64-darwin21" />
          <item key="rubyhdrdir" value="/opt/rubies/3.0.2/include/ruby-3.0.0" />
          <item key="rubylibdir" value="/opt/rubies/3.0.2/lib/ruby/3.0.0" />
          <item key="rubylibprefix" value="/opt/rubies/3.0.2/lib/ruby" />
          <item key="rubysitearchprefix" value="/opt/rubies/3.0.2/lib/ruby/arm64-darwin21" />
          <item key="runstatedir" value="/opt/rubies/3.0.2/var/run" />
          <item key="sbindir" value="/opt/rubies/3.0.2/sbin" />
          <item key="setup" value="Setup" />
          <item key="sharedstatedir" value="/opt/rubies/3.0.2/com" />
          <item key="sitearch" value="arm64-darwin21" />
          <item key="sitearchdir" value="/opt/rubies/3.0.2/lib/ruby/site_ruby/3.0.0/arm64-darwin21" />
          <item key="sitearchhdrdir" value="/opt/rubies/3.0.2/include/ruby-3.0.0/site_ruby/arm64-darwin21" />
          <item key="sitearchincludedir" value="/opt/rubies/3.0.2/include/arm64-darwin21" />
          <item key="sitearchlibdir" value="/opt/rubies/3.0.2/lib/arm64-darwin21" />
          <item key="sitedir" value="/opt/rubies/3.0.2/lib/ruby/site_ruby" />
          <item key="sitehdrdir" value="/opt/rubies/3.0.2/include/ruby-3.0.0/site_ruby" />
          <item key="sitelibdir" value="/opt/rubies/3.0.2/lib/ruby/site_ruby/3.0.0" />
          <item key="strict_warnflags" value="-std=gnu99" />
          <item key="sysconfdir" value="/opt/rubies/3.0.2/etc" />
          <item key="target" value="arm64-apple-darwin21" />
          <item key="target_cpu" value="arm64" />
          <item key="target_os" value="darwin21" />
          <item key="target_vendor" value="apple" />
          <item key="topdir" value="/opt/rubies/3.0.2/lib/ruby/3.0.0/arm64-darwin21" />
          <item key="vendorarchdir" value="/opt/rubies/3.0.2/lib/ruby/vendor_ruby/3.0.0/arm64-darwin21" />
          <item key="vendorarchhdrdir" value="/opt/rubies/3.0.2/include/ruby-3.0.0/vendor_ruby/arm64-darwin21" />
          <item key="vendordir" value="/opt/rubies/3.0.2/lib/ruby/vendor_ruby" />
          <item key="vendorhdrdir" value="/opt/rubies/3.0.2/include/ruby-3.0.0/vendor_ruby" />
          <item key="vendorlibdir" value="/opt/rubies/3.0.2/lib/ruby/vendor_ruby/3.0.0" />
          <item key="warnflags" value="-Wno-error=implicit-function-declaration" />
        </RbConfig>
      </additional>
    </jdk>
    <jdk version="2">
      <name value="chruby: 2.7.5" />
      <type value="RUBY_SDK" />
      <version value="ver.2.7.5p203 ( revision f69aeb8314) p203" />
      <homePath value="/opt/rubies/2.7.5/bin/ruby" />
      <roots>
        <classPath>
          <root type="composite">
            <root url="file:///opt/rubies/2.7.5/lib/ruby/site_ruby/2.7.0" type="simple" />
            <root url="file:///opt/rubies/2.7.5/lib/ruby/site_ruby/2.7.0/arm64-darwin21" type="simple" />
            <root url="file:///opt/rubies/2.7.5/lib/ruby/site_ruby" type="simple" />
            <root url="file:///opt/rubies/2.7.5/lib/ruby/vendor_ruby/2.7.0" type="simple" />
            <root url="file:///opt/rubies/2.7.5/lib/ruby/vendor_ruby/2.7.0/arm64-darwin21" type="simple" />
            <root url="file:///opt/rubies/2.7.5/lib/ruby/vendor_ruby" type="simple" />
            <root url="file:///opt/rubies/2.7.5/lib/ruby/2.7.0" type="simple" />
            <root url="file:///opt/rubies/2.7.5/lib/ruby/2.7.0/arm64-darwin21" type="simple" />
            <root url="file://$APPLICATION_HOME_DIR$/plugins/ruby/rubystubs/rubystubs27" type="simple" />
          </root>
        </classPath>
        <sourcePath>
          <root type="composite">
            <root url="file:///opt/rubies/2.7.5/lib/ruby/site_ruby/2.7.0" type="simple" />
            <root url="file:///opt/rubies/2.7.5/lib/ruby/site_ruby/2.7.0/arm64-darwin21" type="simple" />
            <root url="file:///opt/rubies/2.7.5/lib/ruby/site_ruby" type="simple" />
            <root url="file:///opt/rubies/2.7.5/lib/ruby/vendor_ruby/2.7.0" type="simple" />
            <root url="file:///opt/rubies/2.7.5/lib/ruby/vendor_ruby/2.7.0/arm64-darwin21" type="simple" />
            <root url="file:///opt/rubies/2.7.5/lib/ruby/vendor_ruby" type="simple" />
            <root url="file:///opt/rubies/2.7.5/lib/ruby/2.7.0" type="simple" />
            <root url="file:///opt/rubies/2.7.5/lib/ruby/2.7.0/arm64-darwin21" type="simple" />
            <root url="file://$APPLICATION_HOME_DIR$/plugins/ruby/rubystubs/rubystubs27" type="simple" />
          </root>
        </sourcePath>
      </roots>
      <additional NORMALIZED_VERSION_STRING="ver.2.7.5p203 ( revision f69aeb8314) p203" version="1" GEMS_BIN_DIR_PATH="$USER_HOME$/.gem/ruby/2.7.5/bin">
        <VERSION_MANAGER ID="chruby">
          <distribution-id>2.7.5</distribution-id>
          <version-manager-path>/opt/dev/sh/chruby/chruby.sh</version-manager-path>
        </VERSION_MANAGER>
        <RbConfig>
          <item key="AR" value="libtool -static" />
          <item key="ARCH_FLAG" value="-m64" />
          <item key="ARFLAGS" value="-no_warning_for_no_symbols -o " />
          <item key="AS" value="as" />
          <item key="ASMEXT" value="S" />
          <item key="BUILTIN_TRANSSRCS" value=" enc/trans/newline.c" />
          <item key="CC" value="gcc" />
          <item key="CCDLFLAGS" value="-fno-common" />
          <item key="CC_VERSION" value="gcc --version" />
          <item key="CC_VERSION_MESSAGE" value="Configured with: --prefix=/Library/Developer/CommandLineTools/usr --with-gxx-include-dir=/Library/Developer/CommandLineTools/SDKs/MacOSX.sdk/usr/include/c++/4.2.1&#10;Apple clang version 13.0.0 (clang-1300.0.29.3)&#10;Target: arm64-apple-darwin21.1.0&#10;Thread model: posix&#10;InstalledDir: /Library/Developer/CommandLineTools/usr/bin" />
          <item key="CFLAGS" value="-g -O2 -pipe" />
          <item key="CHDIR" value="cd -P" />
          <item key="CONFIGURE" value="configure" />
          <item key="COUTFLAG" value="-o " />
          <item key="CP" value="cp" />
          <item key="CPP" value="gcc -E" />
          <item key="CPPFLAGS" value=" -I/opt/homebrew/opt/openssl@1.1/include -I/opt/homebrew/opt/readline/include -I/opt/homebrew/opt/libyaml/include -I/opt/homebrew/opt/gdbm/include -D_XOPEN_SOURCE -D_DARWIN_C_SOURCE -D_DARWIN_UNLIMITED_SELECT -D_REENTRANT  " />
          <item key="CPPOUTFILE" value="-o conftest.i" />
          <item key="CROSS_COMPILING" value="no" />
          <item key="CXX" value="g++" />
          <item key="CXXFLAGS" value="-g -O2" />
          <item key="DLDFLAGS" value="-Wl,-undefined,dynamic_lookup -Wl,-multiply_defined,suppress -L/opt/homebrew/opt/openssl@1.1/lib -L/opt/homebrew/opt/readline/lib -L/opt/homebrew/opt/libyaml/lib -L/opt/homebrew/opt/gdbm/lib" />
          <item key="DLDSHARED" value="gcc -dynamiclib" />
          <item key="DLEXT" value="bundle" />
          <item key="DLNOBJ" value="dln.o" />
          <item key="ECHO_C" value="\\c" />
          <item key="EGREP" value="/usr/bin/grep -E" />
          <item key="ENABLE_SHARED" value="no" />
          <item key="EXTOUT" value=".ext" />
          <item key="GCC" value="yes" />
          <item key="GIT" value="git" />
          <item key="GNU_LD" value="no" />
          <item key="GREP" value="/usr/bin/grep" />
          <item key="HAVE_GIT" value="yes" />
          <item key="INSTALL" value="/usr/bin/install -c" />
          <item key="INSTALL_DATA" value="/usr/bin/install -c -m 644" />
          <item key="INSTALL_PROGRAM" value="/usr/bin/install -c" />
          <item key="INSTALL_SCRIPT" value="/usr/bin/install -c" />
          <item key="INSTALL_STATIC_LIBRARY" value="yes" />
          <item key="LD" value="ld" />
          <item key="LDFLAGS" value="-L. -fstack-protector-strong -L/opt/homebrew/opt/openssl@1.1/lib -L/opt/homebrew/opt/readline/lib -L/opt/homebrew/opt/libyaml/lib -L/opt/homebrew/opt/gdbm/lib" />
          <item key="LDSHARED" value="gcc -dynamic -bundle" />
          <item key="LDSHAREDXX" value="g++ -dynamic -bundle" />
          <item key="LIBEXT" value="a" />
          <item key="LIBPATHENV" value="DYLD_FALLBACK_LIBRARY_PATH" />
          <item key="LIBPATHFLAG" value=" -L%s" />
          <item key="LIBRUBY" value="libruby.2.7-static.a" />
          <item key="LIBRUBYARG" value="-lruby.2.7-static -framework Security -framework Foundation -lpthread -ldl -lobjc" />
          <item key="LIBRUBYARG_STATIC" value="-lruby.2.7-static -framework Security -framework Foundation -lpthread -ldl -lobjc" />
          <item key="LIBRUBY_A" value="libruby.2.7-static.a" />
          <item key="LIBRUBY_ALIASES" value="libruby.2.7.dylib" />
          <item key="LIBRUBY_RELATIVE" value="no" />
          <item key="LIBRUBY_SO" value="libruby.2.7.dylib.2.7.5" />
          <item key="LIBRUBY_SONAME" value="libruby.2.7.dylib.2.7" />
          <item key="LINK_SO" value="&#10;dsymutil $@; { test -z '$(RUBY_CODESIGN)' || codesign -s '$(RUBY_CODESIGN)' -f $@; }" />
          <item key="LN_S" value="ln -s" />
          <item key="MAINLIBS" value="-lpthread -ldl -lobjc" />
          <item key="MAJOR" value="2" />
          <item key="MAKEDIRS" value="mkdir -p" />
          <item key="MAKEFILES" value="Makefile GNUmakefile" />
          <item key="MANTYPE" value="doc" />
          <item key="MATHN" value="yes" />
          <item key="MINOR" value="7" />
          <item key="MJIT_CC" value="/usr/bin/gcc" />
          <item key="MJIT_SUPPORT" value="yes" />
          <item key="MKDIR_P" value="mkdir -p" />
          <item key="NM" value="nm" />
          <item key="NULLCMD" value=":" />
          <item key="OBJCOPY" value=":" />
          <item key="OBJDUMP" value="objdump" />
          <item key="OBJEXT" value="o" />
          <item key="OUTFLAG" value="-o " />
          <item key="PACKAGE" value="ruby" />
          <item key="PATCHLEVEL" value="203" />
          <item key="PATH_SEPARATOR" value=":" />
          <item key="PKG_CONFIG" value="pkg-config" />
          <item key="POSTLINK" value="dsymutil $@; { test -z '$(RUBY_CODESIGN)' || codesign -s '$(RUBY_CODESIGN)' -f $@; }" />
          <item key="PRELOADENV" value="DYLD_INSERT_LIBRARIES" />
          <item key="PREP" value="miniruby exe/$(PROGRAM)" />
          <item key="RANLIB" value=":" />
          <item key="RI_BASE_NAME" value="ri" />
          <item key="RM" value="rm -f" />
          <item key="RMALL" value="rm -fr" />
          <item key="RMDIR" value="rmdir" />
          <item key="RMDIRS" value="rmdir -p" />
          <item key="RUBYW_BASE_NAME" value="rubyw" />
          <item key="RUBY_API_VERSION" value="2.7" />
          <item key="RUBY_BASE_NAME" value="ruby" />
          <item key="RUBY_EXEC_PREFIX" value="/opt/rubies/2.7.5" />
          <item key="RUBY_INSTALL_NAME" value="ruby" />
          <item key="RUBY_LIB_VERSION_STYLE" value="3&#9;/* full */" />
          <item key="RUBY_PROGRAM_VERSION" value="2.7.5" />
          <item key="RUBY_SO_NAME" value="ruby.2.7" />
          <item key="RUBY_VERSION_NAME" value="ruby-2.7.0" />
          <item key="SHELL" value="/bin/sh" />
          <item key="SOEXT" value="dylib" />
          <item key="SOLIBS" value="-lpthread -ldl -lobjc" />
          <item key="STRIP" value="strip -A -n" />
          <item key="SYMBOL_PREFIX" value="_" />
          <item key="TEENY" value="5" />
          <item key="TEST_RUNNABLE" value="yes" />
          <item key="THREAD_MODEL" value="pthread" />
          <item key="UNICODE_EMOJI_VERSION" value="12.1" />
          <item key="UNICODE_VERSION" value="12.1.0" />
          <item key="WERRORFLAG" value="-Werror" />
          <item key="arch" value="arm64-darwin21" />
          <item key="archdir" value="/opt/rubies/2.7.5/lib/ruby/2.7.0/arm64-darwin21" />
          <item key="archincludedir" value="/opt/rubies/2.7.5/include/arm64-darwin21" />
          <item key="archlibdir" value="/opt/rubies/2.7.5/lib/arm64-darwin21" />
          <item key="bindir" value="/opt/rubies/2.7.5/bin" />
          <item key="build" value="aarch64-apple-darwin21.1.0" />
          <item key="build_cpu" value="aarch64" />
          <item key="build_os" value="darwin21.1.0" />
          <item key="build_vendor" value="apple" />
          <item key="cflags" value="-O3 -ggdb3 -Wno-error=implicit-function-declaration" />
          <item key="codesign" value="codesign" />
          <item key="configure_args" value=" '--without-gmp' '--prefix=/opt/rubies/2.7.5' '--with-opt-dir=/opt/homebrew/opt/openssl@1.1:/opt/homebrew/opt/readline:/opt/homebrew/opt/libyaml:/opt/homebrew/opt/gdbm'" />
          <item key="datadir" value="/opt/rubies/2.7.5/share" />
          <item key="datarootdir" value="/opt/rubies/2.7.5/share" />
          <item key="debugflags" value="-ggdb3" />
          <item key="docdir" value="/opt/rubies/2.7.5/share/doc/ruby" />
          <item key="dsymutil" value="dsymutil" />
          <item key="dvidir" value="/opt/rubies/2.7.5/share/doc/ruby" />
          <item key="exec" value="exec" />
          <item key="exec_prefix" value="/opt/rubies/2.7.5" />
          <item key="host" value="arm64-apple-darwin21" />
          <item key="host_cpu" value="arm64" />
          <item key="host_os" value="darwin21" />
          <item key="host_vendor" value="apple" />
          <item key="htmldir" value="/opt/rubies/2.7.5/share/doc/ruby" />
          <item key="includedir" value="/opt/rubies/2.7.5/include" />
          <item key="infodir" value="/opt/rubies/2.7.5/share/info" />
          <item key="libdir" value="/opt/rubies/2.7.5/lib" />
          <item key="libdirname" value="libdir" />
          <item key="libexecdir" value="/opt/rubies/2.7.5/libexec" />
          <item key="localedir" value="/opt/rubies/2.7.5/share/locale" />
          <item key="localstatedir" value="/opt/rubies/2.7.5/var" />
          <item key="mandir" value="/opt/rubies/2.7.5/share/man" />
          <item key="oldincludedir" value="/usr/include" />
          <item key="optflags" value="-O3" />
          <item key="pdfdir" value="/opt/rubies/2.7.5/share/doc/ruby" />
          <item key="prefix" value="/opt/rubies/2.7.5" />
          <item key="psdir" value="/opt/rubies/2.7.5/share/doc/ruby" />
          <item key="ridir" value="/opt/rubies/2.7.5/share/ri" />
          <item key="ruby_install_name" value="ruby" />
          <item key="ruby_pc" value="ruby-2.7.pc" />
          <item key="ruby_version" value="2.7.0" />
          <item key="rubyarchdir" value="/opt/rubies/2.7.5/lib/ruby/2.7.0/arm64-darwin21" />
          <item key="rubyarchhdrdir" value="/opt/rubies/2.7.5/include/ruby-2.7.0/arm64-darwin21" />
          <item key="rubyarchprefix" value="/opt/rubies/2.7.5/lib/ruby/arm64-darwin21" />
          <item key="rubyhdrdir" value="/opt/rubies/2.7.5/include/ruby-2.7.0" />
          <item key="rubylibdir" value="/opt/rubies/2.7.5/lib/ruby/2.7.0" />
          <item key="rubylibprefix" value="/opt/rubies/2.7.5/lib/ruby" />
          <item key="rubysitearchprefix" value="/opt/rubies/2.7.5/lib/ruby/arm64-darwin21" />
          <item key="runstatedir" value="/opt/rubies/2.7.5/var/run" />
          <item key="sbindir" value="/opt/rubies/2.7.5/sbin" />
          <item key="setup" value="Setup" />
          <item key="sharedstatedir" value="/opt/rubies/2.7.5/com" />
          <item key="sitearch" value="arm64-darwin21" />
          <item key="sitearchdir" value="/opt/rubies/2.7.5/lib/ruby/site_ruby/2.7.0/arm64-darwin21" />
          <item key="sitearchhdrdir" value="/opt/rubies/2.7.5/include/ruby-2.7.0/site_ruby/arm64-darwin21" />
          <item key="sitearchincludedir" value="/opt/rubies/2.7.5/include/arm64-darwin21" />
          <item key="sitearchlibdir" value="/opt/rubies/2.7.5/lib/arm64-darwin21" />
          <item key="sitedir" value="/opt/rubies/2.7.5/lib/ruby/site_ruby" />
          <item key="sitehdrdir" value="/opt/rubies/2.7.5/include/ruby-2.7.0/site_ruby" />
          <item key="sitelibdir" value="/opt/rubies/2.7.5/lib/ruby/site_ruby/2.7.0" />
          <item key="strict_warnflags" value="-std=gnu99" />
          <item key="sysconfdir" value="/opt/rubies/2.7.5/etc" />
          <item key="target" value="arm64-apple-darwin21" />
          <item key="target_cpu" value="arm64" />
          <item key="target_os" value="darwin21" />
          <item key="target_vendor" value="apple" />
          <item key="topdir" value="/opt/rubies/2.7.5/lib/ruby/2.7.0/arm64-darwin21" />
          <item key="vendorarchdir" value="/opt/rubies/2.7.5/lib/ruby/vendor_ruby/2.7.0/arm64-darwin21" />
          <item key="vendorarchhdrdir" value="/opt/rubies/2.7.5/include/ruby-2.7.0/vendor_ruby/arm64-darwin21" />
          <item key="vendordir" value="/opt/rubies/2.7.5/lib/ruby/vendor_ruby" />
          <item key="vendorhdrdir" value="/opt/rubies/2.7.5/include/ruby-2.7.0/vendor_ruby" />
          <item key="vendorlibdir" value="/opt/rubies/2.7.5/lib/ruby/vendor_ruby/2.7.0" />
          <item key="warnflags" value="-Wno-error=implicit-function-declaration" />
        </RbConfig>
      </additional>
    </jdk>
  </component>
</application>