<application>
  <component name="ActionMacroManager">
    <macro name="add instance variable from selection">
      <action id="EditorCopy" />
      <action id="EditorLineStartWithSelection" />
      <action id="EditorMatchBrace" />
      <action id="EditorLineEndWithSelection" />
      <action id="EditorUp" />
      <action id="EditorLineEndWithSelection" />
      <action id="EditorRight" />
      <action id="EditorEnter" />
      <typing text-keycode="50:1">@</typing>
      <action id="EditorPaste" />
      <typing text-keycode="32:0;61:0;32:0">&amp;#x20;=&amp;#x20;</typing>
      <action id="EditorPaste" />
    </macro>
  </component>
</application>